index,Ipv,Vpv,Vdc,ia,ib,ic,va,vb,vc,Iabc,If,Vabc,Vf
count,377400,377400,377400,377400,377400,377400,377400,377400,377400,377400,377400,377400,377400
mean,1.491132465,101.2805357,143.502016,-0.022824153,0.018461338,-0.031005146,0.84264031,0.774230578,0.898107678,0.460707472,50.03019736,155.3063176,50.00003841
std,0.146311418,0.666634179,1.338314333,0.333097604,0.332025002,0.320433922,109.8551431,109.7926285,109.8636646,0.041530333,0.193433795,0.348049585,0.006986368
min,1.190124512,100.0579834,140.7714844,-0.826661133,-0.758666992,-1.033085938,-161.3728333,-162.0358276,-159.0744527,0.375563693,49.6114708,154.2119664,49.98562224
25%,1.408660889,101.0375977,142.96875,-0.343262695,-0.288696289,-0.341557617,-109.0203857,-108.8546371,-108.9118958,0.443636725,49.91985196,155.0251192,49.99644436
50%,1.477722168,101.385498,143.5546875,-0.027710938,0.033569336,-0.046147461,0.879974365,0.566558838,0.886001587,0.467320311,50.01599799,155.2991157,50.00009098
75%,1.554351807,101.6906738,144.4335938,0.28784082,0.322265625,0.269404297,110.6959534,110.5543137,110.7562256,0.489018746,50.1254394,155.567221,50.0036591
max,1.772888184,102.6702881,146.6308594,0.858519531,0.939941406,0.618525391,160.6977844,160.7580566,159.2512512,0.557091779,50.43382056,156.2916645,50.01448122
